{"initial_reset_timestamp": 1610299793.4419427, "timestamps": [1610299793.4540977], "episode_lengths": [200], "episode_rewards": [-704.0], "episode_types": ["t"]}